description,category,filename,clarity,accuracy,coverage,overall
"Serialize data as JSON using the app's json.dumps method if an active app context is available, otherwise use the default json.dumps method.",EXPLICIT,__init__.py,8,9,9,8
"Serialize data as JSON and write to a file using the app's json.dump method if an active app context is available, otherwise use the default json.dump method.",EXPLICIT,__init__.py,8,9,9,8
"Deserialize data as JSON using the app's json.loads method if an active app context is available, otherwise use the default json.loads method.",EXPLICIT,__init__.py,8,9,9,8
"Deserialize data as JSON read from a file using the app's json.load method if an active app context is available, otherwise use the default json.load method.",EXPLICIT,__init__.py,8,9,9,8
"Serialize the given arguments as JSON and return a Response object with the application/json mimetype, requiring an active app context to call the app's json.response method.",EXPLICIT,__init__.py,8,9,9,8
"As a developer, I want to create a Flask application with specified parameters for static files and templating so that I can have a customized application structure.",EXPLICIT,app.py,7,8,6,7
"As a user, I want to access static files only if the 'static_folder' is set so that I avoid errors accessing non-existent resources.",EXPLICIT,app.py,7,8,6,7
"As an application, I want to limit the maximum content length and maximum form size so that I can control the server resource usage and prevent abuse.",EXPLICIT,app.py,7,8,6,7
"As a developer, I want to automatically reload templates and static files during development so that I can see changes without restarting the server.",EXPLICIT,app.py,7,8,6,7
"As a developer, I want to ensure that every view function returns a valid response type so that users receive a consistent and expected experience from the application.",EXPLICIT,app.py,7,8,6,7
"As an application, I want to log exceptions and errors so that I can have detailed information for debugging and maintaining the application.",EXPLICIT,app.py,7,8,6,7
"As a developer, I want to manage application contexts properly so that I can ensure correct behavior across requests, including teardown processes.",EXPLICIT,app.py,7,8,6,7
"As a user, I want to receive appropriate error responses from the application when exceptions occur so that I understand the issue at hand.",EXPLICIT,app.py,7,8,6,7
"As a developer, I want to use the proper signature for methods requiring context parameters so that I can ensure compatibility with future updates of Flask.",EXPLICIT,app.py,7,8,6,7
"As a developer, I want to customize the way views handle async code so that I can maintain compatibility and performance with async view functions.",EXPLICIT,app.py,7,8,6,7
"As an application, I want to handle routing exceptions properly to maintain a user-friendly experience even when errors occur in URL processing.",EXPLICIT,app.py,7,8,6,7
"As a developer, I want to provide automatic OPTIONS responses for routes to support CORS or frontend integrations seamlessly.",EXPLICIT,app.py,7,8,6,7
"As an application, I want to support trusted hosts to prevent host header attacks and ensure requests are securely processed.",EXPLICIT,app.py,7,8,6,7
"As a developer, I want to enable certain application functionalities only during development modes to prevent leaking sensitive information in production.",EXPLICIT,app.py,7,8,6,7
"As an application, I want to manage sessions securely with cookies to enhance user experience while keeping their data safe.",EXPLICIT,app.py,7,8,6,7
"As a developer, I want to allow for error handling in a configurable manner so that I can control how different errors are displayed to users according to the development or production needs.",EXPLICIT,app.py,7,8,6,7
"As an application, I want to maintain a proper application and request context stack to manage shared state across requests efficiently.",EXPLICIT,app.py,7,8,6,7
"As a user, I want to validate request data properly to ensure I get any necessary feedback and avoid misunderstandings about what data is required.",EXPLICIT,app.py,7,8,6,7
"As a developer, I want to create a flexible routing mechanism to map URLs to view functions correctly and offer a clean API for users.",EXPLICIT,app.py,7,8,6,7
"Open a resource file in read mode only, ensuring the file can be accessed correctly.",EXPLICIT,blueprints.py,8,9,8,8
"Serve static files only if the 'static_folder' is set, preventing access to missing resources.",EXPLICIT,blueprints.py,8,9,8,8
"Return the max age for serving files based on the application's configuration, allowing for cache control in responses.",EXPLICIT,blueprints.py,8,9,8,8
Register CLI commands under the blueprint's name to make them available for users once the application is set up.,EXPLICIT,blueprints.py,8,9,8,8
"As a developer, I want to find the best Flask application in the given module, so that I can ensure my code uses the correct application instance.",EXPLICIT,cli.py,9,8,9,9
"As a developer, I want to specify an application name in the format 'module:name', so that I can directly load a specific application or factory function.",EXPLICIT,cli.py,9,8,9,9
"As a developer, I want to import a module and locate the Flask application or factory function, so that my code can interact with it correctly when necessary.",EXPLICIT,cli.py,9,8,9,9
"As a developer, I want my Flask application to be loaded multiple times without issues, so that I can maintain efficiency and avoid loading the application repeatedly.",EXPLICIT,cli.py,9,8,9,9
"As a developer, I want to handle errors gracefully when importing modules or loading applications, so that I can obtain detailed error messages for debugging.",EXPLICIT,cli.py,9,8,9,9
"As a developer, I want to set the debug flag for my Flask application, so that I can enable debugging features during development.",EXPLICIT,cli.py,9,8,9,9
"As a developer, I want my Flask application to load environment variables from .env or .flaskenv files, so that configuration and sensitive data are properly managed.",EXPLICIT,cli.py,9,8,9,9
"As a developer, I want to run a local development server with optional configurations like host and port, so that I can test my application easily.",EXPLICIT,cli.py,9,8,9,9
"As a developer, I want to show all registered routes for my Flask application, so that I can easily reference and debug the routing in my application.",EXPLICIT,cli.py,9,8,9,9
"As a developer, I want to run an interactive Python shell in the context of my Flask application, so that I can execute management commands and queries without additional setup.",EXPLICIT,cli.py,9,8,9,9
"As a developer, I want to check if an app context is active, so that I can determine if global or request-specific data can be accessed.",IMPLICIT,ctx.py,8,9,9,8
"As a developer, I want to access global data during an app context, so that I can share data across requests and different parts of the application.",IMPLICIT,ctx.py,8,9,9,8
"As a developer, I want to access session data within a request context, so that I can maintain user-specific information across requests.",IMPLICIT,ctx.py,8,9,9,8
"As a developer, I want to push a context when handling a request, so that routing and session management can be performed correctly.",IMPLICIT,ctx.py,8,9,9,8
"As a developer, I want to ensure that teardown functions are called when the context is popped, so that resources can be properly cleaned up after the request is completed.",IMPLICIT,ctx.py,8,9,9,8
"As a developer, I want to register functions to run after the current request, so that I can modify the response based on the processing of the request.",EXPLICIT,ctx.py,8,9,9,8
"As a developer, I want to copy the current request context when starting a background task, so that I can access the same app and request objects in the background as in the main request handling.",EXPLICIT,ctx.py,8,9,9,8
"As a developer, I want to verify if there is a request context active before accessing request-specific data, so that I avoid runtime errors from accessing unavailable objects.",EXPLICIT,ctx.py,8,9,9,8
"As a developer, I want to validate the presence of a request in the app context, so that I can ensure request-specific functionalities are properly utilized.",EXPLICIT,ctx.py,8,9,9,8
"As a user, I want to serialize data to JSON format, so that I can convert Python objects into a JSON string.",EXPLICIT,provider.py,9,8,8,8
"As a user, I want to deserialize JSON data, so that I can convert a JSON string back into Python objects.",EXPLICIT,provider.py,9,8,8,8
"As a user of the JSON provider, I want to be able to write serialized JSON data to a file, so that I can store the data in a file format.",EXPLICIT,provider.py,9,8,8,8
"As a user, I want to read JSON data from a file, so that I can load the data into my application from files.",EXPLICIT,provider.py,9,8,8,8
"As a user, I want the response object to handle either positional or keyword arguments, but not both, so that I can serialize JSON data correctly without errors.",EXPLICIT,provider.py,9,8,8,8
"As a developer, I want to enforce that no arguments are passed to response function, so that the result is correctly serialized as 'None'.",EXPLICIT,provider.py,9,8,8,8
"As a developer of a JSON provider, I want my default serialization method to handle additional data types like dates and UUIDs, so that I can extend the capabilities of the JSON serialization.",EXPLICIT,provider.py,9,8,8,8
"As a user, I want JSON serialization to automatically sort keys in dictionaries, so that I can ensure consistent ordering of JSON objects during serialization.",EXPLICIT,provider.py,9,8,8,8
"As a developer, I want to control the presence of non-ASCII characters in JSON output, so that I can improve compatibility with various clients if necessary.",EXPLICIT,provider.py,9,8,8,8
"As a user, I want the JSON response to be compact or readable based on debug settings, so that I can choose between performance and readability based on the environment.",EXPLICIT,provider.py,9,8,8,8
"As a user, I want to be able to specify that no indentation or extra spaces should be included in the serialized JSON output for compactness, so that I can optimize for size.",EXPLICIT,provider.py,9,8,8,8
"As a session manager, I want to mark a session as permanent so that it persists beyond the current browser session.",EXPLICIT,sessions.py,8,9,9,8
"As a session manager, I want to track if a session has been modified so that changes are properly reflected in the cookie.",EXPLICIT,sessions.py,8,9,9,8
"As a session manager, I want to track if a session has been accessed so that it can trigger appropriate cookie behavior.",EXPLICIT,sessions.py,8,9,9,8
"As a developer, I want to implement a session interface that allows session management for my application, so that I can customize session handling.",EXPLICIT,sessions.py,8,9,9,8
"As a session manager, I want to create a null session if the actual session cannot be retrieved, so that my application can handle errors gracefully without crashing.",EXPLICIT,sessions.py,8,9,9,8
"As a session manager, I want to determine the cookie name from application configuration so that sessions can be accurately identified by the browser.",EXPLICIT,sessions.py,8,9,9,8
"As a session manager, I want to determine the cookie domain from application configuration to control where the cookie is sent in requests.",EXPLICIT,sessions.py,8,9,9,8
"As a session manager, I want to determine the cookie path from application configuration to specify where the cookie is valid in my application.",EXPLICIT,sessions.py,8,9,9,8
"As a session manager, I want to determine if the cookie should be HTTP-only, so that it cannot be accessed via JavaScript for increased security.",EXPLICIT,sessions.py,8,9,9,8
"As a session manager, I want to determine if the cookie should be secure so that it is only sent over HTTPS connections for security.",EXPLICIT,sessions.py,8,9,9,8
"As a session manager, I want to determine whether the cookie should use the SameSite attribute for preventing CSRF attacks.",EXPLICIT,sessions.py,8,9,9,8
"As a session manager, I want to determine if the cookie should be partitioned to improve security and privacy based on application configuration.",EXPLICIT,sessions.py,8,9,9,8
"As a session manager, I want to get the expiration time for a session based on its permanence setting to manage session validity appropriately.",EXPLICIT,sessions.py,8,9,9,8
"As a session manager, I want to check if a Set-Cookie header should be set in the response to maintain session state across requests when the session is modified.",EXPLICIT,sessions.py,8,9,9,8
"As a session manager, I want the ability to open a session when processing a request, so that I can manage user state within my application.",EXPLICIT,sessions.py,8,9,9,8
"As a session manager, I want the ability to save a session at the end of a request, so that user state can persist between requests.",EXPLICIT,sessions.py,8,9,9,8
"As a session manager, I want to ensure that a cookie is deleted when the session is empty, so that stale sessions don't persist.",EXPLICIT,sessions.py,8,9,9,8
"As a session manager, I want to serialize session data before setting it in a cookie to ensure that the session state is preserved correctly.",EXPLICIT,sessions.py,8,9,9,8
A signal named 'template-rendered' is available for use in Flask.,IMPLICIT,signals.py,8,9,7,8
A signal named 'before-render-template' is available for use in Flask.,IMPLICIT,signals.py,8,9,7,8
A signal named 'request-started' is available for use in Flask.,IMPLICIT,signals.py,8,9,7,8
A signal named 'request-finished' is available for use in Flask.,IMPLICIT,signals.py,8,9,7,8
A signal named 'request-tearing-down' is available for use in Flask.,IMPLICIT,signals.py,8,9,7,8
A signal named 'got-request-exception' is available for use in Flask.,IMPLICIT,signals.py,8,9,7,8
A signal named 'appcontext-tearing-down' is available for use in Flask.,IMPLICIT,signals.py,8,9,7,8
A signal named 'appcontext-pushed' is available for use in Flask.,IMPLICIT,signals.py,8,9,7,8
A signal named 'appcontext-popped' is available for use in Flask.,IMPLICIT,signals.py,8,9,7,8
A signal named 'message-flashed' is available for use in Flask.,IMPLICIT,signals.py,8,9,7,8
Prevent the passing of 'subdomain' or 'url_scheme' when 'base_url' is provided.,EXPLICIT,testing.py,9,8,8,8
Automatically build 'base_url' using application configuration if not provided.,EXPLICIT,testing.py,9,8,8,8
Ensure that the 'json_dumps' method serializes objects according to the app's JSON configuration.,EXPLICIT,testing.py,9,8,8,8
Verify that cookies are enabled when performing session transactions.,EXPLICIT,testing.py,9,8,8,8
Automatically open a new session transaction when entering a context with 'session_transaction'.,EXPLICIT,testing.py,9,8,8,8
Ensure session data is saved back into the session at the end of the transaction context.,EXPLICIT,testing.py,9,8,8,8
Rebuild the WSGI environment including the client’s base environment variables before making requests.,EXPLICIT,testing.py,9,8,8,8
Preserve the request context until the end of a 'with' block when using the client.,EXPLICIT,testing.py,9,8,8,8
Prevent nesting of client invocations when preserve_context is enabled.,EXPLICIT,testing.py,9,8,8,8
"Ensure that the CLI runner is associated with the Flask application, allowing for testing of CLI commands.",EXPLICIT,testing.py,9,8,8,8
