file,ground_truth,business_rule,rule_file,cosine,meteor,rouge1_precision,rouge1_recall,rouge1_fmeasure,rouge2_precision,rouge2_recall,rouge2_fmeasure,rougeL_precision,rougeL_recall,rougeL_fmeasure,bert_precision,bert_recall,bert_f1,llm_score_1,llm_score_2,llm_score_3,llm_score,llm_reason
config.rst,Only uppercase variable names in a Python config file get loaded into the app's config; lowercase names are skipped.,,,,,,,,,,,,,,,,,,,,,
config.rst,"You shouldn't turn DEBUG on or off through code or config at runtime. Use the --debug flag instead, and never enable it in production.",,,,,,,,,,,,,,,,,,,,,
config.rst,"When TESTING is on, exceptions get re-raised instead of being caught by the app's error handlers.",,,,,,,,,,,,,,,,,,,,,
config.rst,"PROPAGATE_EXCEPTIONS is treated as true automatically whenever TESTING or DEBUG is enabled, unless you explicitly say otherwise.",,,,,,,,,,,,,,,,,,,,,
config.rst,"SECRET_KEY is what Flask uses to sign session cookies, and it should never be shared publicly, like in commits or forum posts.",,,,,,,,,,,,,,,,,,,,,
config.rst,SECRET_KEY_FALLBACKS lets you rotate keys without breaking existing sessions. Old keys should eventually be removed since each one adds a bit of overhead when checking signatures.,,,,,,,,,,,,,,,,,,,,,
config.rst,"SESSION_COOKIE_HTTPONLY is on by default, so JavaScript can't read the cookie. SESSION_COOKIE_SECURE is off by default, so the cookie can still be sent over plain HTTP unless you change that.",,,,,,,,,,,,,,,,,,,,,
config.rst,"Turning on SESSION_COOKIE_PARTITIONED automatically turns on SESSION_COOKIE_SECURE too, since partitioned cookies only work over HTTPS.",,,,,,,,,,,,,,,,,,,,,
config.rst,"MAX_CONTENT_LENGTH, MAX_FORM_MEMORY_SIZE, and MAX_FORM_PARTS each cause a 413 error once their limit is crossed. Setting any of them to None turns that particular limit off.",,,,,,,,,,,,,,,,,,,,,
config.rst,"TRUSTED_HOSTS gets checked during routing. If the host doesn't match, Flask raises a SecurityError, which shows up as a 400 response.",,,,,,,,,,,,,,,,,,,,,
config.rst,"SERVER_NAME needs to be set if you're using subdomain matching, or if url_for has to build external URLs outside of a request.",,,,,,,,,,,,,,,,,,,,,
config.rst,"The instance folder is meant to hold deployment specific files that shouldn't be checked into version control. If you pass instance_path yourself, it has to be an absolute path.",,,,,,,,,,,,,,,,,,,,,
config.rst,"from_prefixed_env reads environment variables as JSON by default, so only lowercase true or false count as booleans. You can nest keys by separating them with double underscores.",,,,,,,,,,,,,,,,,,,,,
signals.rst,"Signals are meant for observing what's happening, not for changing it. Subscribers can react to an event, but they can't affect how the app behaves, which is different from something like before_request.",The 'request-started' signal indicates the initiation of a request processing cycle in Flask.,signals.py,0.4732058048248291,0.04087193460490463,0.21428571428571427,0.08571428571428572,0.12244897959183673,0.0,0.0,0.0,0.21428571428571427,0.08571428571428572,0.12244897959183673,0.881132185459137,0.8544796109199524,0.8676012754440308,0.3,0.3,0.3,0.3,"While both statements involve signals in an application context, Statement A discusses the general purpose and limitations of signals, whereas Statement B specifies a particular signal's role, leading to a significant difference in meaning."
signals.rst,"When you subscribe to a core Flask signal, you should usually specify a sender. If you don't, you'll get that signal from every app running in the process.",The 'message-flashed' signal indicates that a notification message has been sent to the user in Flask.,signals.py,0.6898891925811768,0.12307692307692307,0.4117647058823529,0.23333333333333334,0.2978723404255319,0.0,0.0,0.0,0.17647058823529413,0.1,0.12765957446808512,0.8754132986068726,0.8657699823379517,0.8705649375915527,0.0,0.0,0.0,0.0,"The two statements address different aspects of Flask signals, with one discussing the importance of specifying a sender and the other describing a specific signal, indicating they are unrelated in meaning."
signals.rst,"Signal subscriber functions should accept a **extra keyword argument, so they don't break later if Flask adds new arguments to a signal.",The 'message-flashed' signal indicates that a notification message has been sent to the user in Flask.,signals.py,0.5383243560791016,0.09541984732824428,0.23529411764705882,0.17391304347826086,0.19999999999999998,0.0,0.0,0.0,0.17647058823529413,0.13043478260869565,0.15,0.8673151731491089,0.8469513654708862,0.8570123314857483,0.0,0.0,0.0,0.0,"The two statements address entirely different topics within Flask, with one discussing function argument handling and the other describing a specific signal's purpose, confirming their lack of similarity."
signals.rst,"Pick your sender carefully. A class emitting its own signal should pass itself, and a standalone function should pass current_app._get_current_object(). You should never pass the current_app proxy directly, since it isn't the real application object.",The 'appcontext-pushed' signal indicates that a new application context has been created and is now active in Flask.,signals.py,0.36596134305000305,0.0857843137254902,0.2631578947368421,0.12195121951219512,0.16666666666666666,0.0,0.0,0.0,0.15789473684210525,0.07317073170731707,0.09999999999999999,0.8574419021606445,0.8397514224052429,0.8485044240951538,0.1,0.1,0.1,0.1,"The two statements address different concepts within Flask's application context and signal handling, with Statement A focusing on sender selection and Statement B on the indication of an active application context."
signals.rst,"Proxies like g, request, and session are only guaranteed to work between the request_started and request_finished signals.",The 'request-finished' signal indicates the completion of request processing in Flask.,signals.py,0.4357723593711853,0.1288659793814433,0.4166666666666667,0.2631578947368421,0.3225806451612903,0.2727272727272727,0.16666666666666666,0.20689655172413793,0.3333333333333333,0.21052631578947367,0.2580645161290323,0.902550458908081,0.8634233474731445,0.8825534582138062,0.4,0.4,0.4,0.4,"Both statements relate to request handling in Flask, but they address different aspects: Statement A discusses the timing of proxies, while Statement B focuses on the indication of request completion, leading to a similar but not identical meaning."
blueprints.rst,"A Blueprint isn't an application on its own. It's really just a set of instructions that get applied once it's registered, and it can be registered more than once or under different prefixes.",Register CLI commands under the blueprint's name. These commands will only be available after the application has been discovered and the blueprints have been registered properly.,blueprints.py,0.6430498361587524,0.14473684210526314,0.2962962962962963,0.2222222222222222,0.25396825396825395,0.0,0.0,0.0,0.14814814814814814,0.1111111111111111,0.12698412698412698,0.8797942399978638,0.8577677011489868,0.8686413168907166,0.5,0.5,0.5,0.5,"Both statements discuss the concept of blueprints in a programming context, but they focus on different aspects of their functionality and usage, leading to a moderate similarity."
blueprints.rst,"Once a blueprint is registered on an app, there's no way to unregister it without tearing down the whole app object.",Register CLI commands under the blueprint's name. These commands will only be available after the application has been discovered and the blueprints have been registered properly.,blueprints.py,0.5524223446846008,0.10204081632653061,0.14814814814814814,0.18181818181818182,0.16326530612244897,0.0,0.0,0.0,0.1111111111111111,0.13636363636363635,0.12244897959183673,0.8775585889816284,0.8829482197761536,0.8802451491355896,0.2,0.2,0.2,0.2,"The two statements address different functionalities related to blueprints in an application, with one discussing the permanence of registration and the other focusing on command registration, resulting in a low similarity in meaning."
blueprints.rst,"Registering a blueprint adds its name as a prefix to each endpoint, separated by a dot. The blueprint's name changes the endpoint, not the URL itself.",Register CLI commands under the blueprint's name. These commands will only be available after the application has been discovered and the blueprints have been registered properly.,blueprints.py,0.4672296941280365,0.26899350649350656,0.2962962962962963,0.2962962962962963,0.2962962962962963,0.11538461538461539,0.11538461538461539,0.11538461538461539,0.25925925925925924,0.25925925925925924,0.25925925925925924,0.8817856311798096,0.8744645118713379,0.878109872341156,0.2,0.2,0.2,0.2,"The two statements address different functionalities related to blueprints, with one focusing on endpoint naming and the other on command registration, resulting in a low similarity in meaning."
blueprints.rst,"A child blueprint inherits its parent's name prefix for endpoints, and its parent's URL prefix or subdomain too.",Register CLI commands under the blueprint's name. These commands will only be available after the application has been discovered and the blueprints have been registered properly.,blueprints.py,0.345922589302063,0.11013215859030837,0.14814814814814814,0.2,0.1702127659574468,0.038461538461538464,0.05263157894736842,0.044444444444444446,0.14814814814814814,0.2,0.1702127659574468,0.8536421060562134,0.8450748324394226,0.8493368625640869,0.2,0.2,0.2,0.2,"The two statements address different functionalities of blueprints in a programming context, with Statement A focusing on inheritance and naming conventions, while Statement B discusses command registration, indicating they are largely unrelated."
blueprints.rst,"A blueprint's static folder only works if it has a url_prefix set. Without one, the app's own /static route wins out over it.","Serve static files only if the 'static_folder' is defined. If it is not set, any request to serve static files will raise a RuntimeError indicating that the static folder must be set.",blueprints.py,0.48620280623435974,0.23763905173153366,0.2727272727272727,0.34615384615384615,0.3050847457627119,0.0625,0.08,0.07017543859649122,0.21212121212121213,0.2692307692307692,0.23728813559322037,0.8793095350265503,0.8869533538818359,0.8831149339675903,0.5,0.4,0.4,0.4,"Both statements discuss the requirement of defining a static folder for serving static files, but they differ in the consequences of not having it set, with Statement A focusing on route priority and Statement B mentioning a RuntimeError, indicating a significant difference in meaning."
blueprints.rst,"Templates from blueprints rank below the app's own templates. If two blueprints happen to use the same template path, whichever one was registered first takes priority.",Register CLI commands under the blueprint's name. These commands will only be available after the application has been discovered and the blueprints have been registered properly.,blueprints.py,0.4730784595012665,0.16722408026755853,0.2222222222222222,0.2222222222222222,0.2222222222222222,0.0,0.0,0.0,0.14814814814814814,0.14814814814814814,0.14814814814814814,0.8801913261413574,0.8686056137084961,0.8743600845336914,0.2,0.2,0.2,0.2,"The two statements address different functionalities within an application, with one focusing on template priority and the other on command registration, confirming their lack of similarity in meaning."
blueprints.rst,"A blueprint's 404 or 405 error handlers only kick in when they're triggered by an explicit raise or abort() inside that blueprint's own views, not just from someone hitting a bad URL. That's because a blueprint doesn't actually own any URL space.",Register CLI commands under the blueprint's name. These commands will only be available after the application has been discovered and the blueprints have been registered properly.,blueprints.py,0.3356921076774597,0.0704225352112676,0.14814814814814814,0.0851063829787234,0.1081081081081081,0.038461538461538464,0.021739130434782608,0.027777777777777776,0.14814814814814814,0.0851063829787234,0.1081081081081081,0.8694295883178711,0.8415296673774719,0.8552521467208862,0.1,0.1,0.1,0.1,"The two statements address different functionalities of blueprints in a web application, with one focusing on error handling and the other on command registration, indicating they are unrelated in meaning."
blueprints.rst,"Hooks like before_request and error handlers set on a parent blueprint carry over to its children. If a child doesn't have its own handler for something, Flask falls back to the parent's.","Return the maximum age for serving files based on the application's configuration, which controls the caching behavior for static files. If 'SEND_FILE_MAX_AGE_DEFAULT' is None, conditional requests will be used instead.",blueprints.py,0.3015287220478058,0.15782449115782451,0.17142857142857143,0.17142857142857143,0.17142857142857143,0.0,0.0,0.0,0.08571428571428572,0.08571428571428572,0.08571428571428572,0.8379843831062317,0.8351144194602966,0.8365468978881836,0.0,0.0,0.0,0.0,"The two statements discuss different aspects of Flask's functionality, with one focusing on request handling and the other on file caching, making them unrelated in meaning."
api.rst,"request, session, g, and current_app are all proxies tied to a context. They only work while the right app or request context is active.","As a developer, I want to access session data within a request context, allowing me to maintain user-specific information across requests.",ctx.py,0.547317624092102,0.20489495343296515,0.2727272727272727,0.24,0.2553191489361702,0.047619047619047616,0.041666666666666664,0.044444444444444446,0.18181818181818182,0.16,0.1702127659574468,0.871985673904419,0.8538976311683655,0.8628469109535217,0.5,0.4,0.4,0.4,"Both statements discuss the importance of context in web development, but Statement A focuses on the technical aspects of proxies, while Statement B emphasizes a developer's goal of accessing session data, indicating a different focus and purpose."
api.rst,"Flask's session object doesn't notice when you mutate something in place, like appending to a list. You need to manually set session.modified = True when that happens.",Automatically initiate a new session transaction when entering a context block using 'session_transaction' method of the Flask client.,testing.py,0.6522775888442993,0.08090614886731393,0.2631578947368421,0.1724137931034483,0.20833333333333334,0.0,0.0,0.0,0.21052631578947367,0.13793103448275862,0.16666666666666666,0.8668642640113831,0.8686126470565796,0.8677375316619873,0.2,0.2,0.2,0.2,"The two statements address different functionalities of Flask's session management, with one focusing on mutating session data and the other on initiating a session transaction, confirming their lack of similarity."
api.rst,Sessions are stored in a signed cookie that normally disappears when the browser closes. Setting permanent to True keeps it alive for as long as PERMANENT_SESSION_LIFETIME says.,"As a session manager, I want to mark a session as permanent so that it persists beyond the current browser session.",sessions.py,0.7110520601272583,0.21126760563380279,0.5238095238095238,0.3793103448275862,0.44,0.05,0.03571428571428571,0.041666666666666664,0.2857142857142857,0.20689655172413793,0.24000000000000002,0.8939802646636963,0.8334343433380127,0.862646222114563,0.7,0.65,0.6,0.6,"Both statements discuss session persistence, but Statement A focuses on the technical implementation while Statement B emphasizes the intention behind making a session permanent, indicating a difference in perspective."
api.rst,"Trailing slashes matter for routing. A route defined with a trailing slash will redirect a request without one to the slash version, and a route without a trailing slash returns a 404 if someone requests it with one.","As an application, I want to correctly handle routing exceptions to maintain a user-friendly experience during URL processing errors.",app.py,0.4276544749736786,0.08974358974358974,0.15,0.07894736842105263,0.10344827586206896,0.0,0.0,0.0,0.15,0.07894736842105263,0.10344827586206896,0.8752326965332031,0.8329325318336487,0.8535588979721069,0.2,0.2,0.2,0.2,"The two statements address different aspects of routing, with Statement A focusing on specific technical details about trailing slashes, while Statement B discusses the general goal of handling routing exceptions for user experience, indicating they are largely unrelated in meaning."
api.rst,"If a route has a default value and also accepts POST, the version with the default should only handle GET, since a redirect can't carry form data along with it.","As a developer, I want to provide automatic OPTIONS responses for routes to support CORS and seamless integration with frontend applications.",app.py,0.3485477864742279,0.16171162613981763,0.19047619047619047,0.12903225806451613,0.15384615384615383,0.0,0.0,0.0,0.19047619047619047,0.12903225806451613,0.15384615384615383,0.8568743467330933,0.8426876068115234,0.8497217297554016,0.1,0.1,0.1,0.1,"The two statements address different concerns in web development, with one focusing on routing behavior for GET and POST requests, while the other discusses CORS support, indicating they are largely unrelated in meaning."
api.rst,"Routes default to handling GET, along with HEAD. OPTIONS gets added automatically unless provide_automatic_options is turned off.","As a developer, I want to provide automatic OPTIONS responses for routes to support CORS and seamless integration with frontend applications.",app.py,0.5531256794929504,0.19704433497536947,0.2857142857142857,0.3157894736842105,0.3,0.1,0.1111111111111111,0.10526315789473685,0.19047619047619047,0.21052631578947367,0.2,0.8587055802345276,0.8553823828697205,0.8570407629013062,0.2,0.2,0.2,0.2,"The first statement describes the default behavior of routing in a web framework, while the second statement expresses a developer's intention to enable a specific feature, indicating that their meanings are still quite different."
api.rst,"A view's endpoint name comes from its function name unless you set one explicitly, and it automatically gets prefixed with the blueprint's name if it's registered through one.",Register CLI commands under the blueprint's name. These commands will only be available after the application has been discovered and the blueprints have been registered properly.,blueprints.py,0.39280200004577637,0.1226993865030675,0.2222222222222222,0.1935483870967742,0.20689655172413793,0.11538461538461539,0.1,0.10714285714285714,0.2222222222222222,0.1935483870967742,0.20689655172413793,0.8766278028488159,0.8583037853240967,0.8673690557479858,0.2,0.2,0.2,0.2,"The two statements address different functionalities related to blueprints in a programming context, with one focusing on view endpoints and the other on CLI commands, resulting in a low similarity in meaning."
api.rst,"If a view function has a required_methods attribute, Flask will always include those methods on the route, even if you explicitly set different ones in the route() call.","As a developer, I want to ensure all functions requiring context parameters use proper method signatures for compatibility with future Flask updates.",app.py,0.5825153589248657,0.12461059190031153,0.22727272727272727,0.1724137931034483,0.19607843137254902,0.0,0.0,0.0,0.22727272727272727,0.1724137931034483,0.19607843137254902,0.8734259605407715,0.856958270072937,0.8651137948036194,0.0,0.0,0.0,0.0,"The two statements address different concerns within Flask development, with one focusing on method attributes and the other on method signatures for compatibility, indicating they are largely unrelated."
